City,Temperature,Condition
Accra,Tue 5:31 am,
Addis Ababa,Tue 8:31 am,
Adelaide,Tue 3:01 pm,
Algiers,Tue 6:31 am,
Almaty,Tue 10:31 am,
Amman,Tue 8:31 am,
Amsterdam *,Tue 7:31 am,
Anadyr,Tue 5:31 pm,
Anchorage *,Mon 9:31 pm,
Ankara,Tue 8:31 am,
Antananarivo,Tue 8:31 am,
Asuncion,Tue 2:31 am,
Athens *,Tue 8:31 am,
Atlanta *,Tue 1:31 am,
Auckland,Tue 5:31 pm,
Baghdad,Tue 8:31 am,
Bangkok,Tue 12:31 pm,
Barcelona *,Tue 7:31 am,
Beijing,Tue 1:31 pm,
Belgrade *,Tue 7:31 am,
Bengaluru,Tue 11:01 am,
Berlin *,Tue 7:31 am,
Bogota,Tue 12:31 am,
Boston *,Tue 1:31 am,
Brasilia,Tue 2:31 am,
Brisbane,Tue 3:31 pm,
Brussels *,Tue 7:31 am,
Bucharest *,Tue 8:31 am,
Budapest *,Tue 7:31 am,
Buenos Aires,Tue 2:31 am,
Cairo *,Tue 8:31 am,
Calgary *,Mon 11:31 pm,
Canberra,Tue 3:31 pm,
Cape Town,Tue 7:31 am,
Caracas,Tue 1:31 am,
Casablanca *,Tue 6:31 am,
Chicago *,Tue 12:31 am,
Copenhagen *,Tue 7:31 am,
Dallas *,Tue 12:31 am,
Dar es Salaam,Tue 8:31 am,
Darwin,Tue 3:01 pm,
Denver *,Mon 11:31 pm,
Detroit *,Tue 1:31 am,
Dhaka,Tue 11:31 am,
Doha,Tue 8:31 am,
Dubai,Tue 9:31 am,
Dublin *,Tue 6:31 am,
